59b36363b93193e36ff211d75d1c64c39c26e94b,DELETE,regular-file,src/Analysis/documents/AtPS/2013_Quiz1_Blank.pdf,131,
3981f22898c4f4a32524c80d17a7a0c2b5fa26f9,DELETE,regular-file,src/Analysis/documents/AtPS/2013_Quiz1_Raw.pdf,131,
e7396e6f7ce9a48f701132ab73bc39819115f122,DELETE,regular-file,src/Analysis/documents/AtPS/2013_Quiz2_Blank.pdf,131,
6bd5b26906d69ff26d922d3864e4d55089570a91,DELETE,regular-file,src/Analysis/documents/AtPS/2013_Quiz2_Raw.pdf,131,
3bec0055be00999a91c3dd21ee0112266b852fb5,DELETE,regular-file,src/Analysis/documents/AtPS/2013_Test1_Blank.pdf,132,
795e4d9a9fd8709d0c3016aca29e2ab794b3f90a,DELETE,regular-file,src/Analysis/documents/AtPS/2013_Test1_Raw.pdf,131,
763c644dd870cc88f6656f4ca079c1518db6610f,DELETE,regular-file,src/Analysis/documents/AtPS/2016_Quiz1_Blank.pdf,133,
9d2141b773cc494e31d35a48e5d8da1a81763013,DELETE,regular-file,src/Analysis/documents/AtPS/2016_Quiz1_Raw.pdf,132,
e341daa1c2279e41c78f99ad6b85126fe6a03884,DELETE,regular-file,src/Analysis/documents/AtPS/2016_Quiz2_Blank.pdf,133,
6245dac27e10d80ad3422967d4b43ae5c70a7ba1,DELETE,regular-file,src/Analysis/documents/AtPS/2016_Quiz2_Raw.pdf,132,
635fc0a35b3ea1f11f99e1b2db515f409d41bcf5,DELETE,regular-file,src/Analysis/documents/AtPS/2018_Quiz1_Blank.pdf,133,
18bc92cead4da76ece7ad4ee3467d9bf9b013f36,DELETE,regular-file,src/Analysis/documents/AtPS/2018_Quiz1_Raw.pdf,133,
d4cd46561307eb82927b0b4af850762939df3ed7,DELETE,regular-file,src/Analysis/documents/AtPS/2018_Quiz2_Blank.pdf,133,
3864e1a8f541e4b0ce1af7ca842b4e34185f528e,DELETE,regular-file,src/Analysis/documents/AtPS/2018_Quiz2_Raw.pdf,133,
0ece3a8af00cf371360e2fe36c9d78b5743a5962,DELETE,regular-file,src/Analysis/documents/AtPS/2019_Quiz1_Blank.pdf,132,
e38b33b8c201ec04d28199ca83c08ca8ca768b14,DELETE,regular-file,src/Analysis/documents/AtPS/2019_Quiz1_Raw.pdf,132,
17fb7280f11506f17e8680136a507985fcc40784,DELETE,regular-file,src/Analysis/documents/AtPS/2019_Quiz2_Blank.pdf,132,
85b5c7cb31e88ec6f9bc108b23fa825cae9bf07f,DELETE,regular-file,src/Analysis/documents/AtPS/2019_Quiz2_Raw.pdf,132,
fbc360380824514b90f445c1e2a87db736e452cc,DELETE,regular-file,src/Analysis/documents/AtPS/2021_Quiz1_Blank.pdf,131,
575d2fb3fa831dd1b8013e2a90f996a6b55407e5,DELETE,regular-file,src/Analysis/documents/AtPS/2021_Quiz1_Raw.pdf,132,
7fb2f2a1bb417f7856fbc0ec4954382b4f88222f,DELETE,regular-file,src/Analysis/documents/AtPS/2021_Quiz2_Blank.pdf,131,
51721ffa7f3d7c64b0f502cb10151b03f401f031,DELETE,regular-file,src/Analysis/documents/AtPS/2021_Quiz2_Raw.pdf,131,
a2c77c9585744956261d3f8c91dfdd4914dd9f99,DELETE,regular-file,src/Analysis/documents/AtPS/2022_Quiz1_Blank.pdf,131,
d9955a9d20eb45e0ea6c984168c3a05a98546d8f,DELETE,regular-file,src/Analysis/documents/AtPS/2022_Quiz1_Raw.pdf,131,
85fdf837e6c758e69b6920cda9efd9b32419cd8a,DELETE,regular-file,src/Analysis/documents/AtPS/2022_Quiz2_Blank.pdf,131,
d73e8180cecc9a5e8590c2e6d80634dabd8ab5b1,DELETE,regular-file,src/Analysis/documents/AtPS/2022_Quiz2_Raw.pdf,131,
b1118413a7ee8af67e3127096383f351df022213,DELETE,regular-file,src/Analysis/documents/AtPS/2023_Quiz1_Blank.pdf,132,
085904379c96d2bff9c1d79eb5bca0f262149e45,DELETE,regular-file,src/Analysis/documents/AtPS/2023_Quiz1_Raw.pdf,132,
a62240cc24608f1ae581c5cf2d1d793bc0ef7b22,DELETE,regular-file,src/Analysis/documents/AtPS/2023_Quiz2_Blank.pdf,132,
f6f773160f63bc191dabd48be81c507734f4e9eb,DELETE,regular-file,src/Analysis/documents/AtPS/2023_Quiz2_Raw.pdf,132,
9a292d5a7ca682ec064502c46d5ae0989ee73acf,DELETE,regular-file,src/Analysis/documents/Calculus/2013_Quiz_Raw.pdf,131,
4437961114037c117018fa768bc84fdda899f97d,DELETE,regular-file,src/Analysis/documents/Calculus/2013_Test1_Raw.pdf,131,
d103894daa41094345bc10b8c74a2948f750c58b,DELETE,regular-file,src/Analysis/documents/Calculus/2013_Test2_Raw.pdf,131,
3926e0d4c12f498e3363ac5d6fb849dfcbfa8ac1,DELETE,regular-file,src/Analysis/documents/Calculus/2016_Quiz1_Raw.pdf,131,
ef060408514902b6c23bf5507306f60d325b540e,DELETE,regular-file,src/Analysis/documents/Calculus/2016_Quiz2_Raw.pdf,131,
9fbba7178c7fd7f8ec601715463ae5d292af9fc4,DELETE,regular-file,src/Analysis/documents/Calculus/2016_Quiz3_Raw.pdf,132,
d8ef84c2bda654d89d48ff26f10b2ae14620b5e5,DELETE,regular-file,src/Analysis/documents/Calculus/2018_Quiz1_Blank.pdf,133,
1243e650fb84aaaa76d51d72710d474862377564,DELETE,regular-file,src/Analysis/documents/Calculus/2018_Quiz1_Raw.pdf,132,
2147a2ca07e39d3e4029606d8f060e9fa5d04130,DELETE,regular-file,src/Analysis/documents/Calculus/2018_Quiz2_Blank.pdf,133,
0f7003d3eb58c20697e569dddaf36db1ddf39cbd,DELETE,regular-file,src/Analysis/documents/Calculus/2018_Quiz2_Raw.pdf,133,
14806f8427403f08a5f3ca32dcb60b370ea8ab84,DELETE,regular-file,src/Analysis/documents/Calculus/2018_Quiz3_Blank.pdf,132,
87c2f6c898b7fcf6dea95ddce72aa987a99b694c,DELETE,regular-file,src/Analysis/documents/Calculus/2018_Quiz3_Raw.pdf,132,
893b70fe72f15b9d31d77bfd70bae9547ca4c84a,DELETE,regular-file,src/Analysis/documents/Calculus/2018_Quiz4_Blank.pdf,132,
89758a6de47dde61e036f50cce893dd113d3ebea,DELETE,regular-file,src/Analysis/documents/Calculus/2018_Quiz4_Raw.pdf,132,
eb0cabccea72b430f314fb2f418d9edfb703781b,DELETE,regular-file,src/Analysis/documents/Calculus/2021_Quiz1_Raw.pdf,131,
1d3df5c7ccdef4f9ce368e77c443760ef1c54ec8,DELETE,regular-file,src/Analysis/documents/Calculus/2021_Quiz2_Raw.pdf,132,
6a17f48b69c84124568e8849c7833cfb7b921dad,DELETE,regular-file,src/Analysis/documents/Calculus/2021_Quiz3_Raw.pdf,132,
52473dfe2a04364757bcf525ceeef195a4e1178a,DELETE,regular-file,src/Analysis/documents/Calculus/2022_Quiz1_Blank.pdf,131,
bbbf40d8e1041dde97c3e1111cc82f07389ee2f2,DELETE,regular-file,src/Analysis/documents/Calculus/2022_Quiz1_Raw.pdf,132,
e98cfafab3503b7011de4b18c25f04c1bac85a9e,DELETE,regular-file,src/Analysis/documents/Calculus/2022_Quiz2_Blank.pdf,131,
5c15a1e5f85964fa92b00dc5a16f8717788c681a,DELETE,regular-file,src/Analysis/documents/Calculus/2022_Quiz2_Raw.pdf,131,
72290a79c24be517d54d7a457b30841a4d53c7b8,DELETE,regular-file,src/Analysis/documents/Calculus/2022_Quiz3_Blank.pdf,131,
e86a82748d227de1e627ae1c14e1363e5ec5b95f,DELETE,regular-file,src/Analysis/documents/Calculus/2022_Quiz3_Raw.pdf,131,
7a8f9f6e5b66bb1baf15dc11c31abdc970ac98c1,DELETE,regular-file,src/Analysis/documents/Calculus/2023_Quiz1_Raw.pdf,132,
fab0042f004f84c3be4c1e0a4998cea846fcd82a,DELETE,regular-file,src/Analysis/documents/GAtM/2013_Quiz1_Raw.pdf,131,
51b9ba004da5788ee6169810cd374b2a8c68f5b6,DELETE,regular-file,src/Analysis/documents/GAtM/2013_Quiz2_Raw.pdf,131,
5023ff481da4265cb4520a3ebf36d1c8e20c1fb3,DELETE,regular-file,src/Analysis/documents/GAtM/2013_Test_Raw.pdf,131,
216d313f9a34ec710baeb6ab255285ca9491ca39,DELETE,regular-file,src/Analysis/documents/GAtM/2016_Quiz1_Raw.pdf,131,
14911aacd04316af05eab19a251aa9e199457ea8,DELETE,regular-file,src/Analysis/documents/GAtM/2016_Quiz2_Raw.pdf,131,
0bb33947b9d9097f05a4c12240561802b5f7fa77,DELETE,regular-file,src/Analysis/documents/GAtM/2016_Quiz3_Raw.pdf,131,
fc756ac9fa6deaeb321d3d9b21d987f6d4ebbe4e,DELETE,regular-file,src/Analysis/documents/GAtM/2016_Test_Raw.pdf,132,
7a078482a893b6e5d26a466a1689c5247bc6a4d9,DELETE,regular-file,src/Analysis/documents/GAtM/2018_Quiz1_Blank.pdf,133,
010b9558bf03d2f6110ff4cf4a1c36545ccc2525,DELETE,regular-file,src/Analysis/documents/GAtM/2018_Quiz1_Raw.pdf,133,
f1964e94f03dfefb4505cd056d941a3e55330c9a,DELETE,regular-file,src/Analysis/documents/GAtM/2018_Quiz2_Blank.pdf,133,
5cd7e3e7a9d4afe211d43d75f499a4585d49df93,DELETE,regular-file,src/Analysis/documents/GAtM/2018_Quiz2_Raw.pdf,133,
99a50097a89cb3d5cf98f2aa155110af56b83e93,DELETE,regular-file,src/Analysis/documents/GAtM/2018_Quiz3_Blank.pdf,133,
7a50f3851394f0999ecd9fe0c4be7429780c15c0,DELETE,regular-file,src/Analysis/documents/GAtM/2018_Quiz3_Raw.pdf,133,
8e02b826d8977a79100c0330751d62904379064f,DELETE,regular-file,src/Analysis/documents/GAtM/2018_Test_Blank.pdf,133,
f21b5314e8c65655402186fcecbaf211deb8bfad,DELETE,regular-file,src/Analysis/documents/GAtM/2018_Test_Raw.pdf,133,
2e7fd9d5cc268ab01532d246858db6539f8a9438,DELETE,regular-file,src/Analysis/documents/GAtM/2019_Quiz_Raw.pdf,132,
8caa88e70c74ed93345bfeaf7d98cfea9a3b63fb,DELETE,regular-file,src/Analysis/documents/GAtM/2019_Test_Raw.pdf,132,
d85ced1d3281cdbf165b11fbe0d0199a3004e2eb,DELETE,regular-file,src/Analysis/documents/GAtM/2021_Quiz1_Raw.pdf,131,
fee4ed43e60e728fc247451b2d3b720b7f324730,DELETE,regular-file,src/Analysis/documents/GAtM/2021_Quiz2_Raw.pdf,131,
0830f837b5382e9db69266f3e4edc9c6d3f3924f,DELETE,regular-file,src/Analysis/documents/GAtM/2021_Test_Raw.pdf,132,
ae978973376aca508b1b73c536c24e39a986df2f,DELETE,regular-file,src/Analysis/documents/GAtM/2022_Quiz1_Blank.pdf,131,
1679e7facf2bc96422a7de333ed3a6f6ed5f528e,DELETE,regular-file,src/Analysis/documents/GAtM/2022_Quiz1_Raw.pdf,131,
64661769a4d323e0f75eb1fc2a804d314faaa3c1,DELETE,regular-file,src/Analysis/documents/GAtM/2022_Quiz2_Blank.pdf,131,
6db7f9610f6740f4df4415a70b676416ea419497,DELETE,regular-file,src/Analysis/documents/GAtM/2022_Quiz2_Raw.pdf,131,
b4a5d83c0c19fc98d94210f0252ea0d34ce61cf5,DELETE,regular-file,src/Analysis/documents/GAtM/2022_Test_Blank.pdf,132,
3255263eadd0528372ae788b0659d7ecee9dfea1,DELETE,regular-file,src/Analysis/documents/GAtM/2022_Test_Raw.pdf,132,
85f268cf49f8a98cc008b483e27abd9688807830,DELETE,regular-file,src/Analysis/documents/GAtM/2023_Quiz_Raw.pdf,132,
001af35643ceb3a48e3c39c764de6e9802323e62,DELETE,regular-file,src/Analysis/documents/GAtM/2023_Test_Raw.pdf,132,
736d378006f6ff7b0097e82d5ca565300500db92,DELETE,regular-file,src/Analysis/documents/Growth/2013_Quiz_Raw.pdf,131,
6526f364efdd56021888e9769eab632738531db0,DELETE,regular-file,src/Analysis/documents/Growth/2016_Quiz_Raw.pdf,133,
6dc71a2fae51f38319d5b1e9b5412dd1692d2b88,DELETE,regular-file,src/Analysis/documents/Growth/2018_Quiz_Blank.pdf,133,
e4a40dfa863f2e91a1a1c63d4b953147363fab41,DELETE,regular-file,src/Analysis/documents/Growth/2018_Quiz_Raw.pdf,133,
0084294a10bc6af53bd9becb975b5158129a5966,DELETE,regular-file,src/Analysis/documents/Growth/2019_Quiz_Raw.pdf,132,
f00f1bb526c896a9c7685ab2dac62e0969cb5ff9,DELETE,regular-file,src/Analysis/documents/Growth/2023_Quiz_Raw.pdf,132,
f07b167ea25810a56ecfa4ed2681bf6ce3d3ae0d,DELETE,regular-file,src/Analysis/documents/Matrices/2013_Quiz_Raw.pdf,131,
c82c3aef6b6d38acb2342a9cdc377752d21f6107,DELETE,regular-file,src/Analysis/documents/Matrices/2013_Test_Raw.pdf,131,
bb06c04144b02cebe2298433cea2b86a247944c5,DELETE,regular-file,src/Analysis/documents/Matrices/2016_Quiz_Raw.pdf,131,
a7d4d780a9759692bcddb0d32ed858faab42bb04,DELETE,regular-file,src/Analysis/documents/Matrices/2016_Test_Raw.pdf,132,
c88de8b23d3e1644b555c33509c4270382e0a553,DELETE,regular-file,src/Analysis/documents/Matrices/2018_Quiz_Blank.pdf,133,
b192919a9219ab9cadcdfef114d239196e20b4ff,DELETE,regular-file,src/Analysis/documents/Matrices/2018_Quiz_Raw.pdf,133,
7109dab2923a49e315588895860e85290a6f06e5,DELETE,regular-file,src/Analysis/documents/Matrices/2018_Test_Blank.pdf,133,
2a9929996b2031cf7f37e81120ff44ec857b66a9,DELETE,regular-file,src/Analysis/documents/Matrices/2018_Test_Raw.pdf,133,
2028b70af7c67ffd3c23ccb74db87b6372938b35,DELETE,regular-file,src/Analysis/documents/Matrices/2019_Quiz_Raw.pdf,131,
6c367ba83a54ab8080ee77e92963ef20e28d3392,DELETE,regular-file,src/Analysis/documents/Matrices/2019_Test_Raw.pdf,132,
fee987b14925cb10d81ff126081540e8e66f53e8,DELETE,regular-file,src/Analysis/documents/Matrices/2021_Quiz_Raw.pdf,131,
122c4ef98e8bf23f7e239ef598e808411eca1168,DELETE,regular-file,src/Analysis/documents/Matrices/2021_Test_Raw.pdf,132,
db85a30d9936d35ac78db73e018091efae6e25b9,DELETE,regular-file,src/Analysis/documents/Matrices/2022_Quiz_Blank.pdf,131,
86d46d1575819b797e653b59667f31411f42cc5f,DELETE,regular-file,src/Analysis/documents/Matrices/2022_Quiz_Raw.pdf,131,
df3dfa98ac91492327acb88799664c1a54eca746,DELETE,regular-file,src/Analysis/documents/Matrices/2022_Test_Blank.pdf,131,
1e2db1cd9dde198ae8fdd328b7cca78f9f7a723e,DELETE,regular-file,src/Analysis/documents/Matrices/2022_Test_Raw.pdf,132,
387be4df68a3d374f68608578ad772f26904bb47,DELETE,regular-file,src/Analysis/documents/Matrices/2023_Quiz_Raw.pdf,132,
ed29f78921c1e8e6b7ae23be8835cb49a01e05ed,DELETE,regular-file,src/Analysis/documents/Matrices/2023_Test_Raw.pdf,132,
d70b2b701150fa47754035e582c2359937f836f8,DELETE,regular-file,src/Analysis/documents/Midterms/Semester1/2016_MT1_Raw.pdf,133,
b50bd68891997c5d09485cf7f9ea9f0cfa36e9db,DELETE,regular-file,src/Analysis/documents/Midterms/Semester1/2016_MT2_Raw.pdf,133,
8c33d1cfe52fb8a91a9164960c41482c84670754,DELETE,regular-file,src/Analysis/documents/Midterms/Semester1/2018_MT1_Blank.pdf,133,
8878c579e4711dd59c18418574e629f77757df04,DELETE,regular-file,src/Analysis/documents/Midterms/Semester1/2018_MT1_Raw.pdf,133,
0f100c74ea653cbe8d0521d866e891cec0bb730a,DELETE,regular-file,src/Analysis/documents/Midterms/Semester1/2018_MT2_Blank.pdf,133,
01bd70fba022cc81abde26b1863fbf416bb75b32,DELETE,regular-file,src/Analysis/documents/Midterms/Semester1/2018_MT2_Raw.pdf,133,
1f580c0646807725af1b16323bbe7a1b009249cb,DELETE,regular-file,src/Analysis/documents/Midterms/Semester1/2019_MT1_Blank.pdf,131,
42fa9b83128919271bdd07e3a70dcedb279e9108,DELETE,regular-file,src/Analysis/documents/Midterms/Semester1/2019_MT1_Raw.pdf,132,
f21ebcd7e6c1a34a6fbdf2c2b0de34a837f13e9b,DELETE,regular-file,src/Analysis/documents/Midterms/Semester1/2021_Final1_Blank.pdf,131,
bd7aa2976e3ec11242e5d2e3335f397b06975f84,DELETE,regular-file,src/Analysis/documents/Midterms/Semester1/2021_Final2_Blank.pdf,131,
a87fb34ff7cc7ddcb006f635a64b0835493e1d38,DELETE,regular-file,src/Analysis/documents/Midterms/Semester1/2021_Final3_Blank.pdf,131,
39ca074914db3ed1de43111c54344f41b8751ced,DELETE,regular-file,src/Analysis/documents/Midterms/Semester1/2021_Final4_Blank.pdf,131,
038af54a6b27292eec813ab90e7f97d229525225,DELETE,regular-file,src/Analysis/documents/Midterms/Semester1/2021_Final4_Key.pdf,131,
fb5231b8bc6ed81cabdf6835fd0bdfc3b6e8b30d,DELETE,regular-file,src/Analysis/documents/Midterms/Semester1/2021_MT1_Raw.pdf,132,
b7f1d518ec54b88acc416f64f8514753225014f2,DELETE,regular-file,src/Analysis/documents/Midterms/Semester1/2021_MT2_Raw.pdf,132,
543a3bfd24edc9802658e6662606325e6f85ab9a,DELETE,regular-file,src/Analysis/documents/Midterms/Semester1/2022_MT1_Blank.pdf,132,
ab7d14895932dbb88e9ee994bb208c733dd4f1c8,DELETE,regular-file,src/Analysis/documents/Midterms/Semester1/2022_MT1_Raw.pdf,132,
e374caefb7f1df27f0d01e5f27b3653ca463cc72,DELETE,regular-file,src/Analysis/documents/Midterms/Semester1/2022_MT2_Blank.pdf,132,
4626cfc298dfde76ca176d31fa55ec2fb24341d4,DELETE,regular-file,src/Analysis/documents/Midterms/Semester1/2022_MT2_Raw.pdf,132,
fc4fa4dd8b99a3f395fdec9f1a29ed3f5154f4dd,DELETE,regular-file,src/Analysis/documents/Midterms/Semester2/AH Fake Final Exam KEY.pdf,132,
299d186dcd195a7ef305bab2a5a15ad8e2082b4b,DELETE,regular-file,src/Analysis/documents/Midterms/Semester2/AH Fake Final Exam.pdf,131,
401faccb369ee0c519f5356d95519358422f574c,DELETE,regular-file,src/Analysis/documents/Midterms/Semester2/AH S2 Review 1 and 2 KEY.pdf,131,
e5fdfd43bce719071e8c94673a801ddf69dbc6f2,DELETE,regular-file,src/Analysis/documents/Midterms/Semester2/AH S2 Review 1.pdf,131,
2d271a8388c94b2405399f109e84ce1dbb86cf3b,DELETE,regular-file,src/Analysis/documents/Midterms/Semester2/AH S2 Review 2.pdf,131,
2b192a7935d1c0ad6ccd1c1810eb484d6b5ffe1f,DELETE,regular-file,src/Analysis/documents/Midterms/Semester2/AH S2 Review 3 KEY.pdf,132,
6bcba99c25972e447038d3f493a7069cccc46c7f,DELETE,regular-file,src/Analysis/documents/Midterms/Semester2/AH S2 Review 3.pdf,131,
295f80ae53f6f25ba54a046a59ecf62013638888,DELETE,regular-file,src/Analysis/documents/Midterms/Semester2/AH S2 Review 4 KEY.pdf,131,
ac3e04382b83728b890ec4cd7ea31196c6138ee7,DELETE,regular-file,src/Analysis/documents/Midterms/Semester2/AH S2 Review 4.pdf,130,
5fc87d28d8675367bb3fa94e799940055da3e78f,DELETE,regular-file,src/Analysis/documents/Midterms/Semester2/AH S2 Review 5 KEY.pdf,131,
1f507888afff83c654cbaea289711b5d17477500,DELETE,regular-file,src/Analysis/documents/Midterms/Semester2/AH S2 Review 5.pdf,130,
f8e561943c0c310f09109236e95a0e23ba9cd700,DELETE,regular-file,src/Analysis/documents/Polar/2013_Quiz_polar_Blank.pdf,132,
dd4af7f09b70461bf3a841a019f5779defb69917,DELETE,regular-file,src/Analysis/documents/Polar/2013_Quiz_polar_Raw.pdf,131,
6c3f277fbe87d79835aff89ec8db7988b4f6efb3,DELETE,regular-file,src/Analysis/documents/Polar/2013_Test_Blank.pdf,132,
c35bff8eaffce859256ac70dd5aae941df5ec294,DELETE,regular-file,src/Analysis/documents/Polar/2013_Test_Raw.pdf,131,
242ca25204826ccfa5a2ec0e6db5eb05df1b5ddd,DELETE,regular-file,src/Analysis/documents/Polar/2016_Quiz_3d1_Blank.pdf,131,
431d79419ebd405cacdbf2c4ef8178032fc7311a,DELETE,regular-file,src/Analysis/documents/Polar/2016_Quiz_3d1_Raw.pdf,131,
901410948dbabb6f220fe8a225a1598c6ff32590,DELETE,regular-file,src/Analysis/documents/Polar/2016_Quiz_3d2_Blank.pdf,132,
c09c12192856d53da5d65dcba7c13dc41353d6c9,DELETE,regular-file,src/Analysis/documents/Polar/2016_Quiz_3d2_Raw.pdf,132,
7329f9345ceebc6397ea14ddf88236e817cf4019,DELETE,regular-file,src/Analysis/documents/Polar/2016_Quiz_polar_Blank.pdf,132,
fbba19058d5ce69c73488403aaf6dc69f5136b43,DELETE,regular-file,src/Analysis/documents/Polar/2016_Quiz_polar_Raw.pdf,132,
339b628f4bf81d2324505a88431be2ffc730af31,DELETE,regular-file,src/Analysis/documents/Polar/2018_Quiz_3d_Blank.pdf,133,
bf8f143f32a18bf09f66f46d2b52199bdc5067cd,DELETE,regular-file,src/Analysis/documents/Polar/2018_Quiz_3d_Raw.pdf,133,
e4214fe6eb7ff703026499f59b17cf39b0e310e2,DELETE,regular-file,src/Analysis/documents/Polar/2018_Quiz_polar_Blank.pdf,133,
7ab3746c3730b00f26ef2cc29259f430ee86ef94,DELETE,regular-file,src/Analysis/documents/Polar/2018_Quiz_polar_Raw.pdf,133,
a68525c1dd55268621b7a9d91cb1f160e4514d60,DELETE,regular-file,src/Analysis/documents/Polar/2019_Quiz_3d_Blank.pdf,132,
6f50db8b2c5f92e69b9ab8dda05da4f568c468b1,DELETE,regular-file,src/Analysis/documents/Polar/2019_Quiz_3d_Raw.pdf,131,
5fa9d073d84932800e02631a16d0ffd3662493a3,DELETE,regular-file,src/Analysis/documents/Polar/2019_Quiz_polar_Blank.pdf,132,
70a9189afa1219cb8ca2f43acbed3b12f8df50d5,DELETE,regular-file,src/Analysis/documents/Polar/2019_Quiz_polar_Raw.pdf,132,
42eede88da5d05f64caf4941abb632b0665ff8c9,DELETE,regular-file,src/Analysis/documents/Polar/2021_Quiz1_Blank.pdf,132,
c6de3399fd2291c253121dc383e6e30ac50523e0,DELETE,regular-file,src/Analysis/documents/Polar/2021_Quiz1_Raw.pdf,131,
122942c40e71d7aecbb4f16b3a7f4fa7001852d0,DELETE,regular-file,src/Analysis/documents/Polar/2021_Quiz2_Blank.pdf,132,
2bb2ce07a32afb2df2f4ea57dcf3dfe1c6848e33,DELETE,regular-file,src/Analysis/documents/Polar/2021_Quiz2_Raw.pdf,131,
b535c2d694a2871c26126285d325d1903d9d5fe6,DELETE,regular-file,src/Analysis/documents/Polar/2022_Quiz_polar_Blank.pdf,131,
6827e4ed3e52419d715a645b97c4e6f26fb84730,DELETE,regular-file,src/Analysis/documents/Polar/2022_Quiz_polar_Raw.pdf,131,
5b0b70980acfe5aa7e9d24af7bc3f397e40c2c8b,DELETE,regular-file,src/Analysis/documents/Polar/2022_Test_Blank.pdf,131,
29b076a7ae851193450fa89c1c4997f15ee8492b,DELETE,regular-file,src/Analysis/documents/Polar/2022_Test_Raw.pdf,132,
f05f9f207b5e8161d4de2ef3148cce0f79d5685d,DELETE,regular-file,src/Analysis/documents/Polar/2023_Quiz_Blank.pdf,132,
8de626670db1606f5e2f4780cd26c18ede9851df,DELETE,regular-file,src/Analysis/documents/Polar/2023_Quiz_Raw.pdf,132,
d64000c3f5f9a2903e6eb5ff9722c895b42b1a03,DELETE,regular-file,src/Analysis/documents/Polar/2023_Test_Blank.pdf,132,
3a4ae78ea9443c432f0097f928c5d2e7d106001a,DELETE,regular-file,src/Analysis/documents/Polar/2023_Test_Raw.pdf,132,
340676bd1adf17c3767245dfc3f2456b3d7821bf,DELETE,regular-file,src/Analysis/documents/Probability/2013_Quiz1_Blank.pdf,131,
3440e2053a24b8137a5587f9d5f26a543e3f4405,DELETE,regular-file,src/Analysis/documents/Probability/2013_Quiz1_Raw.pdf,131,
b127c697772b31c98bf4910c2f89493527a2f163,DELETE,regular-file,src/Analysis/documents/Probability/2013_Test1_Blank.pdf,132,
8c1b29b9d8f48742b83e45e309def970d12bf041,DELETE,regular-file,src/Analysis/documents/Probability/2013_Test1_Raw.pdf,131,
222eb44640d7ac30f54517695f4fe776ff228851,DELETE,regular-file,src/Analysis/documents/Probability/2016_Quiz1_Blank.pdf,132,
fe0e56f5e32e6c8a3ded679d9ad628b73dff0570,DELETE,regular-file,src/Analysis/documents/Probability/2016_Quiz1_Raw.pdf,132,
1a0bebe14d2c6c08d0ba71e3e987f16f7c30673e,DELETE,regular-file,src/Analysis/documents/Probability/2016_Quiz2_Blank.pdf,133,
f85dd22457132fceb7c78cbe15bc626e739c29e0,DELETE,regular-file,src/Analysis/documents/Probability/2016_Quiz2_Raw.pdf,132,
d6ad2246dd6fb36443815d97039fb9cb023f1499,DELETE,regular-file,src/Analysis/documents/Probability/2018_Quiz1_Blank.pdf,133,
4965c65ca05beb8f0a5ac44effab0147b9779477,DELETE,regular-file,src/Analysis/documents/Probability/2018_Quiz1_Raw.pdf,133,
10222d8e62faa25bf93624263b3398df52b469db,DELETE,regular-file,src/Analysis/documents/Probability/2018_Quiz2_Blank.pdf,133,
d31dc5e42cd6486678c44f86f6cf3a27628e6801,DELETE,regular-file,src/Analysis/documents/Probability/2018_Quiz2_Raw.pdf,133,
304dd9c87ecb334dfe9716321ea86b55d6ef82cd,DELETE,regular-file,src/Analysis/documents/Probability/2019_Quiz1_Blank.pdf,132,
6486317bc66891163ddc96db6776e85cb629e03b,DELETE,regular-file,src/Analysis/documents/Probability/2019_Quiz1_Raw.pdf,132,
4bf2a9504490b0fab98d58687957b18feca6a893,DELETE,regular-file,src/Analysis/documents/Probability/2019_Quiz2_Blank.pdf,132,
1c6d6f0e86833698bd657ec8c991f337fe50bee8,DELETE,regular-file,src/Analysis/documents/Probability/2019_Quiz2_Raw.pdf,132,
498e5a885923e8f26b9e8689bc99b4ed7661f5c9,DELETE,regular-file,src/Analysis/documents/Probability/2021_Quiz1_Blank.pdf,131,
f93d0701a9a070ebb9086c214d299a0ff54115f8,DELETE,regular-file,src/Analysis/documents/Probability/2021_Quiz1_Raw.pdf,131,
2150868d6baee8d6c28509b9a583a3dc6bc7b705,DELETE,regular-file,src/Analysis/documents/Probability/2021_Quiz2_Blank.pdf,132,
16d4d4e8300194625642be43f04bb1341275469f,DELETE,regular-file,src/Analysis/documents/Probability/2021_Quiz2_Raw.pdf,131,
39ed41ceebfab80a4f06cdd31e74ddcf11d0fecd,DELETE,regular-file,src/Analysis/documents/Probability/2022_Quiz1_Blank.pdf,131,
8fbb6b9e2c5baafb8dee9cd593a3b562ec1bbdce,DELETE,regular-file,src/Analysis/documents/Probability/2022_Quiz1_Raw.pdf,131,
e7e4486f2dbc70d061d5b52f51b56b79cad71cd2,DELETE,regular-file,src/Analysis/documents/Probability/2022_Quiz2_Blank.pdf,131,
e6ac84145361d88cd2c07c76f2787ea0f5e6e687,DELETE,regular-file,src/Analysis/documents/Probability/2022_Quiz2_Raw.pdf,131,
395e68dd8d91277c4d7a67ea4de8570b2baad99c,DELETE,regular-file,src/Analysis/documents/Probability/2023_Quiz1_Blank.pdf,132,
c6827c3a28cf89808903c1694c9f0180abd660d0,DELETE,regular-file,src/Analysis/documents/Probability/2023_Quiz1_Raw.pdf,132,
db7f61468465eaa6750a1c2ea2cb4886f77353ed,DELETE,regular-file,src/Analysis/documents/Probability/2023_Quiz2_Blank.pdf,132,
81ea5d7980b73d5da4949d63b866901d31584dbb,DELETE,regular-file,src/Analysis/documents/Probability/2023_Quiz2_Raw.pdf,132,
058f80d17ac02b3863f38e89e7854c55021fa03a,DELETE,regular-file,src/Analysis/documents/Vectors/2013_Quiz1_Raw.pdf,131,
3af4970fbd443d8376856dfedda9265a92999c27,DELETE,regular-file,src/Analysis/documents/Vectors/2013_Quiz2_Raw.pdf,131,
c763bb53a01dccdb4f8d510a9725e3bf3e140d7e,DELETE,regular-file,src/Analysis/documents/Vectors/2013_Test_Raw.pdf,131,
beb2d8e85d44e5446fef3159346b96ced9c30d2e,DELETE,regular-file,src/Analysis/documents/Vectors/2016_Quiz1_Raw.pdf,132,
05d1084b63a1e14dad2a21fe600202c63f9fcf94,DELETE,regular-file,src/Analysis/documents/Vectors/2016_Quiz2_Raw.pdf,132,
feaf5449e1a55be5572c4187771bed30a0456cc1,DELETE,regular-file,src/Analysis/documents/Vectors/2018_Quiz1_Raw.pdf,133,
439986140737afde50b97ecdb2ae2582bf8f6891,DELETE,regular-file,src/Analysis/documents/Vectors/2018_Quiz2_Raw.pdf,133,
4c8a8a74e77f31f75c2cbba597a46f9fd1c42453,DELETE,regular-file,src/Analysis/documents/Vectors/2019_Quiz_Raw.pdf,132,
4b609a9c3a7d5f44368ff15a4140fa608fa32606,DELETE,regular-file,src/Analysis/documents/Vectors/2021_Quiz1_Raw.pdf,131,
f2444969d872d0cda0f470921990c2151d94ee45,DELETE,regular-file,src/Analysis/documents/Vectors/2021_Quiz2_Raw.pdf,131,
f0c32be05210f691d57cc6d41443653fdb88fbab,DELETE,regular-file,src/Analysis/documents/Vectors/2022_Quiz1_Blank.pdf,131,
11d1b729c6b07e8d995952c5116f7ce25411b884,DELETE,regular-file,src/Analysis/documents/Vectors/2022_Quiz1_Raw.pdf,131,
3413a92b7b8278d5d40c19f5c4d7c4d0107a2765,DELETE,regular-file,src/Analysis/documents/Vectors/2022_Quiz2_Blank.pdf,131,
4dc94ed2e640374bfe9909e23f25aa48fc9cab76,DELETE,regular-file,src/Analysis/documents/Vectors/2022_Quiz2_Raw.pdf,131,
06dfe40e17000ea17c94382c0fe4ad2642e5fef6,DELETE,regular-file,src/Analysis/documents/Vectors/2023_Quiz_Raw.pdf,132,
